id,name,category,verification_status
"yastreb","Озеро Ястребиное","nature","verified_source"
"monrepo","Парк Монрепо","nature","verified_source"
"vyborg","Выборг","city","verified_source"
"korela","Крепость Корела","history","verified_source"
"losevo","Лосевские пороги","water","needs_primary_source"
"line","Линия Маннергейма","history","needs_primary_source"
"aaltolib","Библиотека Алвара Аалто","city","verified_source"
"primorsk","Приморск и Финский залив","water","needs_primary_source"
"zelenogorsk","Зеленогорск","city","needs_primary_source"
"vuoksa","Озеро Вуокса","water","needs_primary_source"
"toksovo","Токсовские высоты","nature","needs_primary_source"
"sestroretsk","Сестрорецк и Разлив","water","needs_primary_source"
"lindulovskaya","Линдуловская роща","nature","verified_source"
"gladyshevka","Пороги реки Гладышевки","nature","verified_source"
"rakovye","Раковые озёра","nature","verified_source"
"winter-war","Маршрут «Память Зимней войны»","history","verified_source"
"bear-forest","Маршрут «Медвежий лес»","nature","verified_source"
"berezovye","Берёзовые острова","nature","verified_source"
"castle","Выборгский замок","history","verified_source"
"clocktower","Часовая башня","history","verified_source"
"panzerlax","Бастион Панцерлакс","history","verified_source"
"olaf","Башня Святого Олафа","history","verified_source"
"townhalltower","Башня Ратуши","history","verified_source"
"roundtower","Круглая башня","history","verified_source"
"knightshouse","Рыцарский дом","museum","verified_source"
"yalkala","Музей-заповедник «Ялкала»","museum","verified_source"
"oldtownsquare","Площадь Старой Ратуши","city","needs_primary_source"
"oldcathedral","Старый кафедральный собор","history","needs_primary_source"
"monrepoeco","Экомаршрут Монрепо","nature","verified_source"
"guildhouse","Дом купеческой гильдии","city","needs_details"
"smallarsenal","Малый Арсенал","museum","verified_source"
"lindulovskaya-oopt","Заказник «Линдуловская роща»","nature","needs_details"
"gladyshevsky-oopt","Заказник «Гладышевский»","nature","needs_details"
"vyborgsky-oopt","Заказник «Выборгский»","nature","needs_details"
"rakovye-oopt","Заказник «Раковые озёра»","nature","needs_details"
"berezovye-oopt","Заказник «Берёзовые острова»","nature","needs_details"
"lammin-suo","Болото Ламмин-Суо","nature","needs_details"
"gryada-vyaryamyanselkya","Гряда Вярямянселькя","nature","needs_details"
"petyajarvi-trail","Экотропа «Петяярви»","nature","needs_details"
"kurgolovskaya-trail","Курголовская этнотропа","nature","needs_details"
"toksovsky-oopt","Заказник «Токсовский»","nature","needs_details"
"koltushskie-vysoty","Колтушские высоты","nature","needs_details"
"kivipark","Кивипарк","nature","needs_details"
"ozero-melkovodnoe","Озеро Мелководное","nature","needs_details"
"gromovo","Громово и окрестности","nature","candidate"
"sukhodolskoye","Суходольское озеро","water","candidate"
"otradnoe-lake","Озеро Отрадное","water","candidate"
"komsomolskoe-lake","Комсомольское озеро","water","candidate"
"pravdinskoe-lake","Правдинское озеро","water","candidate"
"glubokoe-lake","Озеро Глубокое","water","candidate"
"krasnoe-lake","Красное озеро","water","candidate"
"razdolinskoe-lake","Раздолинское озеро","water","candidate"
"bolshoe-simaginskoe","Большое Симагинское озеро","water","candidate"
"zelenogorsk-beach","Зеленогорский пляж","water","candidate"
"komarovo-shore","Побережье Комарово","water","candidate"
"repino-shore","Побережье Репино","water","candidate"
"sestroretsky-razliv","Озеро Сестрорецкий Разлив","water","candidate"
"dubki-park","Парк «Дубки»","nature","candidate"
"komarovsky-bereg","Памятник природы «Комаровский берег»","nature","candidate"
"shchuchye-lake","Озеро Щучье","water","candidate"
"chernye-ozera","Чёрные озёра","water","candidate"
"vyborg-castle-island","Замковый остров","history","needs_details"
"vyborg-main-museum","Главный музейный корпус Выборгского замка","museum","needs_details"
"vyborg-arsenal","Большой Арсенал Выборгского замка","museum","needs_details"
"vyborg-governor-house","Дом Наместника","museum","needs_details"
"vyborg-zeughaus","Цейхгауз","museum","needs_details"
"vyborg-pottery","Гончарная мастерская Выборгского замка","museum","needs_details"
"vyborg-printing","Печатная мастерская Выборгского замка","museum","needs_details"
"nature-isthmus-exhibition","Экспозиция «Природа Карельского перешейка»","museum","needs_details"
"vyborg-ww2-exhibition","Экспозиция «Выборг в годы Второй мировой войны»","museum","needs_details"
"market-square-vyborg","Рыночная площадь Выборга","city","candidate"
"red-square-vyborg","Красная площадь Выборга","city","candidate"
"esplanade-vyborg","Парк Эспланада","city","candidate"
"lenin-park-vyborg","Парк имени Ленина","city","candidate"
"hermitage-vyborg","Эрмитаж-Выборг","museum","candidate"
"pietinen-house","Дом Пиетинена","city","candidate"
"hakman-house","Дом Хакмана","city","candidate"
"granite-palace","Гранитный дворец","city","candidate"
"hyacinth-church","Костёл Святого Гиацинта","history","candidate"
"transfiguration-cathedral","Спасо-Преображенский собор","history","candidate"
"peter-paul-vyborg","Собор Святых Петра и Павла","history","candidate"
"anninskie-fortifications","Аннинские укрепления","history","candidate"
"east-vyborg-fortifications","Восточно-Выборгские укрепления","history","candidate"
"batareynaya-mountain","Батарейная гора","history","candidate"
"singing-field-vyborg","Певческое поле","city","candidate"
"monrepo-neptune","Храм Нептуна в Монрепо","history","needs_details"
"monrepo-ludwigsburg","Капелла Людвигсбург","history","needs_details"
"monrepo-tea-arbor","Чайная беседка Монрепо","city","needs_details"
"monrepo-narcissus","Источник «Нарцисс»","nature","needs_details"
"monrepo-paulstein","Обелиск братьям Броглио","history","needs_details"
"korela-round-tower","Круглая башня крепости Корела","history","needs_details"
"korela-old-arsenal","Старый арсенал крепости Корела","museum","needs_details"
"prionezhsky-square","Центральная площадь Приозерска","city","candidate"
"all-saints-priozersk","Церковь Всех Святых","history","candidate"
"nativity-priozersk","Собор Рождества Пресвятой Богородицы","history","candidate"
"lutheran-priozersk","Лютеранская кирха Приозерска","history","candidate"
"stone-island-priozersk","Каменный остров Приозерска","nature","candidate"
"losevo-bridge","Мост через Вуоксу в Лосево","city","candidate"
"losevo-water-route","Водный маршрут Лосево","water","candidate"
"primorsk-kirkha","Кирха Святой Марии Магдалины","history","candidate"
